"kind","id","title","firstTry","learn","independent","feedback","delayed","route","materials","evidence"
"ielts-mini","academic:hub-listening","第 1 课 · 听清预约的改动","gap: explain/model precede attempt","authored model + guided","authored hub-l-independent; hidden help/exposure tracked","key/why + separate correction","2 authored fresh banks; existing 24h gate","registered IELTS course + Today; not interleaved with NCE map","hub-l-model|hub-l-guided|hub-l-independent|hub-l-timed|hub-l-review-a|hub-l-review-b","ielts-blueprint/sample-sequence.ts; sample-sequence-model.ts; docs/ielts-release-integration-20261002.md"
"ielts-mini","academic:hub-reading","第 2 课 · 用通知找到依据","gap: explain/model precede attempt","authored model + guided","authored hub-r-independent; hidden help/exposure tracked","key/why + separate correction","2 authored fresh banks; existing 24h gate","registered IELTS course + Today; not interleaved with NCE map","hub-r-model|hub-r-guided|hub-r-independent|hub-r-timed|hub-r-review-a|hub-r-review-b","ielts-blueprint/sample-sequence.ts; sample-sequence-model.ts; docs/ielts-release-integration-20261002.md"
"ielts-mini","academic:hub-speaking","第 3 课 · 说清自己的选择","gap: explain/model precede attempt","authored model + guided","authored hub-s-independent; hidden help/exposure tracked","original/correction + checklist; human review pending","2 authored fresh banks; existing 24h gate","registered IELTS course + Today; not interleaved with NCE map","hub-s-model|hub-s-guided|hub-s-independent|hub-s-timed|hub-s-review-a|hub-s-review-b","ielts-blueprint/sample-sequence.ts; sample-sequence-model.ts; docs/ielts-release-integration-20261002.md"
"ielts-mini","academic:hub-writing","第 4 课 · 概括活动数据","gap: explain/model precede attempt","authored model + guided","authored hub-wa-independent; hidden help/exposure tracked","original/correction + checklist; human review pending","2 authored fresh banks; existing 24h gate","registered IELTS course + Today; not interleaved with NCE map","hub-wa-model|hub-wa-guided|hub-wa-independent|hub-wa-timed|hub-wa-review-a|hub-wa-review-b","ielts-blueprint/sample-sequence.ts; sample-sequence-model.ts; docs/ielts-release-integration-20261002.md"
"ielts-mini","academic:listening-form","Listening · Complete a booking form","gap: explain/model precede attempt","authored model + guided","authored ielts-l07-independent; hidden help/exposure tracked","key/why + separate correction","2 authored fresh banks; existing 24h gate","registered IELTS course + Today; not interleaved with NCE map","ielts-l07-model|ielts-l07-guided|ielts-l07-independent|ielts-l07-timed|ielts-l07-review-a|ielts-l07-review-b","ielts-blueprint/sample-sequence.ts; sample-sequence-model.ts; docs/ielts-release-integration-20261002.md"
"ielts-mini","academic:reading-writer-views","Academic · 找准作者的观点","gap: explain/model precede attempt","authored model + guided","authored ielts-r04-a-independent; hidden help/exposure tracked","key/why + separate correction","2 authored fresh banks; existing 24h gate","registered IELTS course + Today; not interleaved with NCE map","ielts-r04-a-model|ielts-r04-a-guided|ielts-r04-a-independent|ielts-r04-a-timed|ielts-r04-a-review-a|ielts-r04-a-review-b","ielts-blueprint/sample-sequence.ts; sample-sequence-model.ts; docs/ielts-release-integration-20261002.md"
"ielts-mini","academic:listening-multiple-answers","Listening · Choose the complete answer set","gap: explain/model precede attempt","authored model + guided","authored ielts-l02-independent; hidden help/exposure tracked","key/why + separate correction","2 authored fresh banks; existing 24h gate","registered IELTS course + Today; not interleaved with NCE map","ielts-l02-model|ielts-l02-guided|ielts-l02-independent|ielts-l02-timed|ielts-l02-review-a|ielts-l02-review-b","ielts-blueprint/sample-sequence.ts; sample-sequence-model.ts; docs/ielts-release-integration-20261002.md"
"ielts-mini","academic:reading-multiple-answers","Academic · 核对完整多选组","gap: explain/model precede attempt","authored model + guided","authored ielts-r02-a-independent; hidden help/exposure tracked","key/why + separate correction","2 authored fresh banks; existing 24h gate","registered IELTS course + Today; not interleaved with NCE map","ielts-r02-a-model|ielts-r02-a-guided|ielts-r02-a-independent|ielts-r02-a-timed|ielts-r02-a-review-a|ielts-r02-a-review-b","ielts-blueprint/sample-sequence.ts; sample-sequence-model.ts; docs/ielts-release-integration-20261002.md"
"ielts-mini","academic:listening-matching","Listening · 共享名单配对","gap: explain/model precede attempt","authored model + guided","authored ielts-l03-independent; hidden help/exposure tracked","key/why + separate correction","2 authored fresh banks; existing 24h gate","registered IELTS course + Today; not interleaved with NCE map","ielts-l03-model|ielts-l03-guided|ielts-l03-independent|ielts-l03-timed|ielts-l03-review-a|ielts-l03-review-b","ielts-blueprint/sample-sequence.ts; sample-sequence-model.ts; docs/ielts-release-integration-20261002.md"
"ielts-mini","academic:reading-sentence-completion","Academic · 从原文补全句子","gap: explain/model precede attempt","authored model + guided","authored ielts-r09-a-independent; hidden help/exposure tracked","key/why + separate correction","2 authored fresh banks; existing 24h gate","registered IELTS course + Today; not interleaved with NCE map","ielts-r09-a-model|ielts-r09-a-guided|ielts-r09-a-independent|ielts-r09-a-timed|ielts-r09-a-review-a|ielts-r09-a-review-b","ielts-blueprint/sample-sequence.ts; sample-sequence-model.ts; docs/ielts-release-integration-20261002.md"
"ielts-mini","general-training:hub-listening","第 1 课 · 听清预约的改动","gap: explain/model precede attempt","authored model + guided","authored hub-l-independent; hidden help/exposure tracked","key/why + separate correction","2 authored fresh banks; existing 24h gate","registered IELTS course + Today; not interleaved with NCE map","hub-l-model|hub-l-guided|hub-l-independent|hub-l-timed|hub-l-review-a|hub-l-review-b","ielts-blueprint/sample-sequence.ts; sample-sequence-model.ts; docs/ielts-release-integration-20261002.md"
"ielts-mini","general-training:hub-reading","第 2 课 · 用通知找到依据","gap: explain/model precede attempt","authored model + guided","authored hub-r-independent; hidden help/exposure tracked","key/why + separate correction","2 authored fresh banks; existing 24h gate","registered IELTS course + Today; not interleaved with NCE map","hub-r-model|hub-r-guided|hub-r-independent|hub-r-timed|hub-r-review-a|hub-r-review-b","ielts-blueprint/sample-sequence.ts; sample-sequence-model.ts; docs/ielts-release-integration-20261002.md"
"ielts-mini","general-training:hub-speaking","第 3 课 · 说清自己的选择","gap: explain/model precede attempt","authored model + guided","authored hub-s-independent; hidden help/exposure tracked","original/correction + checklist; human review pending","2 authored fresh banks; existing 24h gate","registered IELTS course + Today; not interleaved with NCE map","hub-s-model|hub-s-guided|hub-s-independent|hub-s-timed|hub-s-review-a|hub-s-review-b","ielts-blueprint/sample-sequence.ts; sample-sequence-model.ts; docs/ielts-release-integration-20261002.md"
"ielts-mini","general-training:hub-writing","第 4 课 · 写一封安排请求","gap: explain/model precede attempt","authored model + guided","authored hub-wg-independent; hidden help/exposure tracked","original/correction + checklist; human review pending","2 authored fresh banks; existing 24h gate","registered IELTS course + Today; not interleaved with NCE map","hub-wg-model|hub-wg-guided|hub-wg-independent|hub-wg-timed|hub-wg-review-a|hub-wg-review-b","ielts-blueprint/sample-sequence.ts; sample-sequence-model.ts; docs/ielts-release-integration-20261002.md"
"ielts-mini","general-training:listening-form","Listening · Complete a booking form","gap: explain/model precede attempt","authored model + guided","authored ielts-l07-independent; hidden help/exposure tracked","key/why + separate correction","2 authored fresh banks; existing 24h gate","registered IELTS course + Today; not interleaved with NCE map","ielts-l07-model|ielts-l07-guided|ielts-l07-independent|ielts-l07-timed|ielts-l07-review-a|ielts-l07-review-b","ielts-blueprint/sample-sequence.ts; sample-sequence-model.ts; docs/ielts-release-integration-20261002.md"
"ielts-mini","general-training:reading-writer-views","General Training · 看清工作与社区评论的立场","gap: explain/model precede attempt","authored model + guided","authored ielts-r04-gt-independent; hidden help/exposure tracked","key/why + separate correction","2 authored fresh banks; existing 24h gate","registered IELTS course + Today; not interleaved with NCE map","ielts-r04-gt-model|ielts-r04-gt-guided|ielts-r04-gt-independent|ielts-r04-gt-timed|ielts-r04-gt-review-a|ielts-r04-gt-review-b","ielts-blueprint/sample-sequence.ts; sample-sequence-model.ts; docs/ielts-release-integration-20261002.md"
"ielts-mini","general-training:listening-multiple-answers","Listening · Choose the complete answer set","gap: explain/model precede attempt","authored model + guided","authored ielts-l02-independent; hidden help/exposure tracked","key/why + separate correction","2 authored fresh banks; existing 24h gate","registered IELTS course + Today; not interleaved with NCE map","ielts-l02-model|ielts-l02-guided|ielts-l02-independent|ielts-l02-timed|ielts-l02-review-a|ielts-l02-review-b","ielts-blueprint/sample-sequence.ts; sample-sequence-model.ts; docs/ielts-release-integration-20261002.md"
"ielts-mini","general-training:reading-multiple-answers","General Training 阅读 · 多选完整答案组","gap: explain/model precede attempt","authored model + guided","authored ielts-r02-gt-independent; hidden help/exposure tracked","key/why + separate correction","2 authored fresh banks; existing 24h gate","registered IELTS course + Today; not interleaved with NCE map","ielts-r02-gt-model|ielts-r02-gt-guided|ielts-r02-gt-independent|ielts-r02-gt-timed|ielts-r02-gt-review-a|ielts-r02-gt-review-b","ielts-blueprint/sample-sequence.ts; sample-sequence-model.ts; docs/ielts-release-integration-20261002.md"
"ielts-mini","general-training:listening-matching","Listening · 共享名单配对","gap: explain/model precede attempt","authored model + guided","authored ielts-l03-independent; hidden help/exposure tracked","key/why + separate correction","2 authored fresh banks; existing 24h gate","registered IELTS course + Today; not interleaved with NCE map","ielts-l03-model|ielts-l03-guided|ielts-l03-independent|ielts-l03-timed|ielts-l03-review-a|ielts-l03-review-b","ielts-blueprint/sample-sequence.ts; sample-sequence-model.ts; docs/ielts-release-integration-20261002.md"
"ielts-mini","general-training:reading-sentence-completion","General Training · 按实际安排补全句子","gap: explain/model precede attempt","authored model + guided","authored ielts-r09-gt-independent; hidden help/exposure tracked","key/why + separate correction","2 authored fresh banks; existing 24h gate","registered IELTS course + Today; not interleaved with NCE map","ielts-r09-gt-model|ielts-r09-gt-guided|ielts-r09-gt-independent|ielts-r09-gt-timed|ielts-r09-gt-review-a|ielts-r09-gt-review-b","ielts-blueprint/sample-sequence.ts; sample-sequence-model.ts; docs/ielts-release-integration-20261002.md"
"grammar-unit","sentence-core","先搭句子骨架：谁、做什么、是什么","not diagnostic-led course","authored explanations/forms/contrasts/mistakes","6 concrete practices; shared across textbook associations","real key/explanation; open transfer awaits review","existing grammar progress with alternate bank + interval","grammar route + Today; association is not bespoke NCE coverage","core-r0|core-f0|core-p0|core-r1|core-f1|core-p1","app/grammar-curriculum.ts; app/grammar-curriculum-progress.ts; data/grammar-curriculum"
"grammar-unit","questions-negation","提问与否定：先找 be、助动词或情态动词","not diagnostic-led course","authored explanations/forms/contrasts/mistakes","6 concrete practices; shared across textbook associations","real key/explanation; open transfer awaits review","existing grammar progress with alternate bank + interval","grammar route + Today; association is not bespoke NCE coverage","question-r0|question-f0|question-p0|question-r1|question-f1|question-p1","app/grammar-curriculum.ts; app/grammar-curriculum-progress.ts; data/grammar-curriculum"
"grammar-unit","noun-reference","冠词与数量：让名词指得清、数得对","not diagnostic-led course","authored explanations/forms/contrasts/mistakes","6 concrete practices; shared across textbook associations","real key/explanation; open transfer awaits review","existing grammar progress with alternate bank + interval","grammar route + Today; association is not bespoke NCE coverage","noun-reference-v0-recognise|noun-reference-v0-repair|noun-reference-v0-produce|noun-reference-v1-recognise|noun-reference-v1-repair|noun-reference-v1-produce","app/grammar-curriculum.ts; app/grammar-curriculum-progress.ts; data/grammar-curriculum"
"grammar-unit","present-time","一般现在与现在进行：常态、状态和临时画面","not diagnostic-led course","authored explanations/forms/contrasts/mistakes","6 concrete practices; shared across textbook associations","real key/explanation; open transfer awaits review","existing grammar progress with alternate bank + interval","grammar route + Today; association is not bespoke NCE coverage","present-r0|present-f0|present-p0|present-r1|present-f1|present-p1","app/grammar-curriculum.ts; app/grammar-curriculum-progress.ts; data/grammar-curriculum"
"grammar-unit","past-present-perfect","过去与现在完成：交代时间，连接现在","not diagnostic-led course","authored explanations/forms/contrasts/mistakes","6 concrete practices; shared across textbook associations","real key/explanation; open transfer awaits review","existing grammar progress with alternate bank + interval","grammar route + Today; association is not bespoke NCE coverage","past-present-perfect-v0-recognise|past-present-perfect-v0-repair|past-present-perfect-v0-produce|past-present-perfect-v1-recognise|past-present-perfect-v1-repair|past-present-perfect-v1-produce","app/grammar-curriculum.ts; app/grammar-curriculum-progress.ts; data/grammar-curriculum"
"grammar-unit","comparisons","比较与程度：说明差异、范围与够不够","not diagnostic-led course","authored explanations/forms/contrasts/mistakes","6 concrete practices; shared across textbook associations","real key/explanation; open transfer awaits review","existing grammar progress with alternate bank + interval","grammar route + Today; association is not bespoke NCE coverage","comparisons-v0-recognise|comparisons-v0-repair|comparisons-v0-produce|comparisons-v1-recognise|comparisons-v1-repair|comparisons-v1-produce","app/grammar-curriculum.ts; app/grammar-curriculum-progress.ts; data/grammar-curriculum"
"grammar-unit","modal-choice","情态选择：能力、许可、义务与建议","not diagnostic-led course","authored explanations/forms/contrasts/mistakes","6 concrete practices; shared across textbook associations","real key/explanation; open transfer awaits review","existing grammar progress with alternate bank + interval","grammar route + Today; association is not bespoke NCE coverage","modal-choice-v0-recognise|modal-choice-v0-repair|modal-choice-v0-produce|modal-choice-v1-recognise|modal-choice-v1-repair|modal-choice-v1-produce","app/grammar-curriculum.ts; app/grammar-curriculum-progress.ts; data/grammar-curriculum"
"grammar-unit","linking-ideas","连接意思：原因、转折与真实条件","not diagnostic-led course","authored explanations/forms/contrasts/mistakes","6 concrete practices; shared across textbook associations","real key/explanation; open transfer awaits review","existing grammar progress with alternate bank + interval","grammar route + Today; association is not bespoke NCE coverage","linking-ideas-v0-recognise|linking-ideas-v0-repair|linking-ideas-v0-produce|linking-ideas-v1-recognise|linking-ideas-v1-repair|linking-ideas-v1-produce","app/grammar-curriculum.ts; app/grammar-curriculum-progress.ts; data/grammar-curriculum"
"grammar-unit","plan-timeline","计划的时间线：打算、安排与等待","not diagnostic-led course","authored explanations/forms/contrasts/mistakes","6 concrete practices; shared across textbook associations","real key/explanation; open transfer awaits review","existing grammar progress with alternate bank + interval","grammar route + Today; association is not bespoke NCE coverage","plan-timeline-v0-recognise|plan-timeline-v0-repair|plan-timeline-v0-produce|plan-timeline-v1-recognise|plan-timeline-v1-repair|plan-timeline-v1-produce","app/grammar-curriculum.ts; app/grammar-curriculum-progress.ts; data/grammar-curriculum"
"grammar-unit","passive-focus","被动与代办：把话题和执行者分清","not diagnostic-led course","authored explanations/forms/contrasts/mistakes","6 concrete practices; shared across textbook associations","real key/explanation; open transfer awaits review","existing grammar progress with alternate bank + interval","grammar route + Today; association is not bespoke NCE coverage","passive-focus-v0-recognise|passive-focus-v0-repair|passive-focus-v0-produce|passive-focus-v1-recognise|passive-focus-v1-repair|passive-focus-v1-produce","app/grammar-curriculum.ts; app/grammar-curriculum-progress.ts; data/grammar-curriculum"
"grammar-unit","reported-perspective","转述视角：谁说的，何时说，问还是要求","not diagnostic-led course","authored explanations/forms/contrasts/mistakes","6 concrete practices; shared across textbook associations","real key/explanation; open transfer awaits review","existing grammar progress with alternate bank + interval","grammar route + Today; association is not bespoke NCE coverage","reported-perspective-v0-recognise|reported-perspective-v0-repair|reported-perspective-v0-produce|reported-perspective-v1-recognise|reported-perspective-v1-repair|reported-perspective-v1-produce","app/grammar-curriculum.ts; app/grammar-curriculum-progress.ts; data/grammar-curriculum"
"grammar-unit","verb-complements","动词后接什么：动作作名词、结构意义与目的","not diagnostic-led course","authored explanations/forms/contrasts/mistakes","6 concrete practices; shared across textbook associations","real key/explanation; open transfer awaits review","existing grammar progress with alternate bank + interval","grammar route + Today; association is not bespoke NCE coverage","verb-complements-v0-recognise|verb-complements-v0-repair|verb-complements-v0-produce|verb-complements-v1-recognise|verb-complements-v1-repair|verb-complements-v1-produce","app/grammar-curriculum.ts; app/grammar-curriculum-progress.ts; data/grammar-curriculum"
"grammar-unit","negative-precision","把否定范围说准：零个、两个都不、并非全部","not diagnostic-led course","authored explanations/forms/contrasts/mistakes","6 concrete practices; shared across textbook associations","real key/explanation; open transfer awaits review","existing grammar progress with alternate bank + interval","grammar route + Today; association is not bespoke NCE coverage","negative-precision-v0-recognise|negative-precision-v0-repair|negative-precision-v0-produce|negative-precision-v1-recognise|negative-precision-v1-repair|negative-precision-v1-produce","app/grammar-curriculum.ts; app/grammar-curriculum-progress.ts; data/grammar-curriculum"
"grammar-unit","past-background","过去状态、背景与先后","not diagnostic-led course","authored explanations/forms/contrasts/mistakes","6 concrete practices; shared across textbook associations","real key/explanation; open transfer awaits review","existing grammar progress with alternate bank + interval","grammar route + Today; association is not bespoke NCE coverage","past-background-v0-recognise|past-background-v0-repair|past-background-v0-produce|past-background-v1-recognise|past-background-v1-repair|past-background-v1-produce","app/grammar-curriculum.ts; app/grammar-curriculum-progress.ts; data/grammar-curriculum"
"grammar-unit","modal-evidence","依据、可能性与过去能力","not diagnostic-led course","authored explanations/forms/contrasts/mistakes","6 concrete practices; shared across textbook associations","real key/explanation; open transfer awaits review","existing grammar progress with alternate bank + interval","grammar route + Today; association is not bespoke NCE coverage","modal-evidence-v0-recognise|modal-evidence-v0-repair|modal-evidence-v0-produce|modal-evidence-v1-recognise|modal-evidence-v1-repair|modal-evidence-v1-produce","app/grammar-curriculum.ts; app/grammar-curriculum-progress.ts; data/grammar-curriculum"
"grammar-unit","relative-reference","限定对象与补充信息：先找名词，再看从句里的位置","not diagnostic-led course","authored explanations/forms/contrasts/mistakes","6 concrete practices; shared across textbook associations","real key/explanation; open transfer awaits review","existing grammar progress with alternate bank + interval","grammar route + Today; association is not bespoke NCE coverage","relative-reference-v0-recognise|relative-reference-v0-repair|relative-reference-v0-produce|relative-reference-v1-recognise|relative-reference-v1-repair|relative-reference-v1-produce","app/grammar-curriculum.ts; app/grammar-curriculum-progress.ts; data/grammar-curriculum"
"grammar-unit","hypothetical-condition","假设的时间与距离：现在可能、过去反事实与 as if","not diagnostic-led course","authored explanations/forms/contrasts/mistakes","6 concrete practices; shared across textbook associations","real key/explanation; open transfer awaits review","existing grammar progress with alternate bank + interval","grammar route + Today; association is not bespoke NCE coverage","hypothetical-condition-v0-recognise|hypothetical-condition-v0-repair|hypothetical-condition-v0-produce|hypothetical-condition-v1-recognise|hypothetical-condition-v1-repair|hypothetical-condition-v1-produce","app/grammar-curriculum.ts; app/grammar-curriculum-progress.ts; data/grammar-curriculum"
"grammar-unit","information-focus","信息焦点：内容、评价、强调与转述来源","not diagnostic-led course","authored explanations/forms/contrasts/mistakes","6 concrete practices; shared across textbook associations","real key/explanation; open transfer awaits review","existing grammar progress with alternate bank + interval","grammar route + Today; association is not bespoke NCE coverage","information-focus-v0-recognise|information-focus-v0-repair|information-focus-v0-produce|information-focus-v1-recognise|information-focus-v1-repair|information-focus-v1-produce","app/grammar-curriculum.ts; app/grammar-curriculum-progress.ts; data/grammar-curriculum"
"grammar-unit","reference-ownership","指代、归属与拥有","not diagnostic-led course","authored explanations/forms/contrasts/mistakes","6 concrete practices; shared across textbook associations","real key/explanation; open transfer awaits review","existing grammar progress with alternate bank + interval","grammar route + Today; association is not bespoke NCE coverage","reference-ownership-v0-recognise|reference-ownership-v0-repair|reference-ownership-v0-produce|reference-ownership-v1-recognise|reference-ownership-v1-repair|reference-ownership-v1-produce","app/grammar-curriculum.ts; app/grammar-curriculum-progress.ts; data/grammar-curriculum"
"grammar-unit","basic-descriptions","性质、来源与距离","not diagnostic-led course","authored explanations/forms/contrasts/mistakes","6 concrete practices; shared across textbook associations","real key/explanation; open transfer awaits review","existing grammar progress with alternate bank + interval","grammar route + Today; association is not bespoke NCE coverage","basic-descriptions-v0-recognise|basic-descriptions-v0-repair|basic-descriptions-v0-produce|basic-descriptions-v1-recognise|basic-descriptions-v1-repair|basic-descriptions-v1-produce","app/grammar-curriculum.ts; app/grammar-curriculum-progress.ts; data/grammar-curriculum"
"grammar-unit","giving-directions","指示、地点与时间定位","not diagnostic-led course","authored explanations/forms/contrasts/mistakes","6 concrete practices; shared across textbook associations","real key/explanation; open transfer awaits review","existing grammar progress with alternate bank + interval","grammar route + Today; association is not bespoke NCE coverage","giving-directions-v0-recognise|giving-directions-v0-repair|giving-directions-v0-produce|giving-directions-v1-recognise|giving-directions-v1-repair|giving-directions-v1-produce","app/grammar-curriculum.ts; app/grammar-curriculum-progress.ts; data/grammar-curriculum"
"grammar-unit","time-perspective","时间标记与观察基点","not diagnostic-led course","authored explanations/forms/contrasts/mistakes","6 concrete practices; shared across textbook associations","real key/explanation; open transfer awaits review","existing grammar progress with alternate bank + interval","grammar route + Today; association is not bespoke NCE coverage","time-perspective-v0-recognise|time-perspective-v0-repair|time-perspective-v0-produce|time-perspective-v1-recognise|time-perspective-v1-repair|time-perspective-v1-produce","app/grammar-curriculum.ts; app/grammar-curriculum-progress.ts; data/grammar-curriculum"
"grammar-unit","habit-change","旧习惯、习惯于与说话者评价","not diagnostic-led course","authored explanations/forms/contrasts/mistakes","6 concrete practices; shared across textbook associations","real key/explanation; open transfer awaits review","existing grammar progress with alternate bank + interval","grammar route + Today; association is not bespoke NCE coverage","habit-change-v0-recognise|habit-change-v0-repair|habit-change-v0-produce|habit-change-v1-recognise|habit-change-v1-repair|habit-change-v1-produce","app/grammar-curriculum.ts; app/grammar-curriculum-progress.ts; data/grammar-curriculum"
"grammar-unit","linked-vocabulary","搭配、例外与程度变化","not diagnostic-led course","authored explanations/forms/contrasts/mistakes","6 concrete practices; shared across textbook associations","real key/explanation; open transfer awaits review","existing grammar progress with alternate bank + interval","grammar route + Today; association is not bespoke NCE coverage","linked-vocabulary-v0-recognise|linked-vocabulary-v0-repair|linked-vocabulary-v0-produce|linked-vocabulary-v1-recognise|linked-vocabulary-v1-repair|linked-vocabulary-v1-produce","app/grammar-curriculum.ts; app/grammar-curriculum-progress.ts; data/grammar-curriculum"
"grammar-unit","extended-timeline","将来过程、截止点与安排","not diagnostic-led course","authored explanations/forms/contrasts/mistakes","6 concrete practices; shared across textbook associations","real key/explanation; open transfer awaits review","existing grammar progress with alternate bank + interval","grammar route + Today; association is not bespoke NCE coverage","extended-timeline-v0-recognise|extended-timeline-v0-repair|extended-timeline-v0-produce|extended-timeline-v1-recognise|extended-timeline-v1-repair|extended-timeline-v1-produce","app/grammar-curriculum.ts; app/grammar-curriculum-progress.ts; data/grammar-curriculum"
"grammar-unit","duration-perspective","持续过程与不同参照点","not diagnostic-led course","authored explanations/forms/contrasts/mistakes","6 concrete practices; shared across textbook associations","real key/explanation; open transfer awaits review","existing grammar progress with alternate bank + interval","grammar route + Today; association is not bespoke NCE coverage","duration-perspective-v0-recognise|duration-perspective-v0-repair|duration-perspective-v0-produce|duration-perspective-v1-recognise|duration-perspective-v1-repair|duration-perspective-v1-produce","app/grammar-curriculum.ts; app/grammar-curriculum-progress.ts; data/grammar-curriculum"
"grammar-unit","requests-nonfinite","非谓语的参与者与时间：谁做、谁承受、先发生什么","not diagnostic-led course","authored explanations/forms/contrasts/mistakes","6 concrete practices; shared across textbook associations","real key/explanation; open transfer awaits review","existing grammar progress with alternate bank + interval","grammar route + Today; association is not bespoke NCE coverage","requests-nonfinite-v0-recognise|requests-nonfinite-v0-repair|requests-nonfinite-v0-produce|requests-nonfinite-v1-recognise|requests-nonfinite-v1-repair|requests-nonfinite-v1-produce","app/grammar-curriculum.ts; app/grammar-curriculum-progress.ts; data/grammar-curriculum"
"grammar-unit","structure-rewrite","守住原意的综合改写：先核对事实，再换结构","not diagnostic-led course","authored explanations/forms/contrasts/mistakes","6 concrete practices; shared across textbook associations","real key/explanation; open transfer awaits review","existing grammar progress with alternate bank + interval","grammar route + Today; association is not bespoke NCE coverage","structure-rewrite-v0-recognise|structure-rewrite-v0-repair|structure-rewrite-v0-produce|structure-rewrite-v1-recognise|structure-rewrite-v1-repair|structure-rewrite-v1-produce","app/grammar-curriculum.ts; app/grammar-curriculum-progress.ts; data/grammar-curriculum"
"backup-original","original-1","第一次参加读书会","not diagnostic-led","authored dialogue/grammar/vocab","8 concrete exercises; original lesson material","quiz key; no dedicated corrective new bank","no dedicated course-level fresh delayed bank","retained backup materials; not a parallel recommended route","1-1|1-2|1-3|1-4|1-5|1-6|1-7|1-8","app/data/lessons.json; app/learning.tsx"
"backup-original","original-2","在咖啡店找东西","not diagnostic-led","authored dialogue/grammar/vocab","8 concrete exercises; original lesson material","quiz key; no dedicated corrective new bank","no dedicated course-level fresh delayed bank","retained backup materials; not a parallel recommended route","2-1|2-2|2-3|2-4|2-5|2-6|2-7|2-8","app/data/lessons.json; app/learning.tsx"
"backup-original","original-3","分清大家的行李","not diagnostic-led","authored dialogue/grammar/vocab","8 concrete exercises; original lesson material","quiz key; no dedicated corrective new bank","no dedicated course-level fresh delayed bank","retained backup materials; not a parallel recommended route","3-1|3-2|3-3|3-4|3-5|3-6|3-7|3-8","app/data/lessons.json; app/learning.tsx"
"backup-original","original-4","为野餐准备食物","not diagnostic-led","authored dialogue/grammar/vocab","8 concrete exercises; original lesson material","quiz key; no dedicated corrective new bank","no dedicated course-level fresh delayed bank","retained backup materials; not a parallel recommended route","4-1|4-2|4-3|4-4|4-5|4-6|4-7|4-8","app/data/lessons.json; app/learning.tsx"
"backup-original","original-5","参观共享办公室","not diagnostic-led","authored dialogue/grammar/vocab","8 concrete exercises; original lesson material","quiz key; no dedicated corrective new bank","no dedicated course-level fresh delayed bank","retained backup materials; not a parallel recommended route","5-1|5-2|5-3|5-4|5-5|5-6|5-7|5-8","app/data/lessons.json; app/learning.tsx"
"backup-original","original-6","安排一个工作日","not diagnostic-led","authored dialogue/grammar/vocab","8 concrete exercises; original lesson material","quiz key; no dedicated corrective new bank","no dedicated course-level fresh delayed bank","retained backup materials; not a parallel recommended route","6-1|6-2|6-3|6-4|6-5|6-6|6-7|6-8","app/data/lessons.json; app/learning.tsx"
"backup-original","original-7","朋友的新工作","not diagnostic-led","authored dialogue/grammar/vocab","8 concrete exercises; original lesson material","quiz key; no dedicated corrective new bank","no dedicated course-level fresh delayed bank","retained backup materials; not a parallel recommended route","7-1|7-2|7-3|7-4|7-5|7-6|7-7|7-8","app/data/lessons.json; app/learning.tsx"
"backup-original","original-8","找一个合适的健身班","not diagnostic-led","authored dialogue/grammar/vocab","8 concrete exercises; original lesson material","quiz key; no dedicated corrective new bank","no dedicated course-level fresh delayed bank","retained backup materials; not a parallel recommended route","8-1|8-2|8-3|8-4|8-5|8-6|8-7|8-8","app/data/lessons.json; app/learning.tsx"
"backup-original","original-9","让练习变成习惯","not diagnostic-led","authored dialogue/grammar/vocab","8 concrete exercises; original lesson material","quiz key; no dedicated corrective new bank","no dedicated course-level fresh delayed bank","retained backup materials; not a parallel recommended route","9-1|9-2|9-3|9-4|9-5|9-6|9-7|9-8","app/data/lessons.json; app/learning.tsx"
"backup-original","original-10","一起组织社区活动","not diagnostic-led","authored dialogue/grammar/vocab","8 concrete exercises; original lesson material","quiz key; no dedicated corrective new bank","no dedicated course-level fresh delayed bank","retained backup materials; not a parallel recommended route","10-1|10-2|10-3|10-4|10-5|10-6|10-7|10-8","app/data/lessons.json; app/learning.tsx"
"backup-original","original-11","给访客指路","not diagnostic-led","authored dialogue/grammar/vocab","8 concrete exercises; original lesson material","quiz key; no dedicated corrective new bank","no dedicated course-level fresh delayed bank","retained backup materials; not a parallel recommended route","11-1|11-2|11-3|11-4|11-5|11-6|11-7|11-8","app/data/lessons.json; app/learning.tsx"
"backup-original","original-12","买齐一顿晚饭的材料","not diagnostic-led","authored dialogue/grammar/vocab","8 concrete exercises; original lesson material","quiz key; no dedicated corrective new bank","no dedicated course-level fresh delayed bank","retained backup materials; not a parallel recommended route","12-1|12-2|12-3|12-4|12-5|12-6|12-7|12-8","app/data/lessons.json; app/learning.tsx"
"backup-original","original-13","此刻正在做什么","not diagnostic-led","authored dialogue/grammar/vocab","8 concrete exercises; original lesson material","quiz key; no dedicated corrective new bank","no dedicated course-level fresh delayed bank","retained backup materials; not a parallel recommended route","13-1|13-2|13-3|13-4|13-5|13-6|13-7|13-8","app/data/lessons.json; app/learning.tsx"
"backup-original","original-14","每天如此，今天不同","not diagnostic-led","authored dialogue/grammar/vocab","8 concrete exercises; original lesson material","quiz key; no dedicated corrective new bank","no dedicated course-level fresh delayed bank","retained backup materials; not a parallel recommended route","14-1|14-2|14-3|14-4|14-5|14-6|14-7|14-8","app/data/lessons.json; app/learning.tsx"
"backup-original","original-15","昨天的展览","not diagnostic-led","authored dialogue/grammar/vocab","8 concrete exercises; original lesson material","quiz key; no dedicated corrective new bank","no dedicated course-level fresh delayed bank","retained backup materials; not a parallel recommended route","15-1|15-2|15-3|15-4|15-5|15-6|15-7|15-8","app/data/lessons.json; app/learning.tsx"
"backup-original","original-16","周末修好一座花园","not diagnostic-led","authored dialogue/grammar/vocab","8 concrete exercises; original lesson material","quiz key; no dedicated corrective new bank","no dedicated course-level fresh delayed bank","retained backup materials; not a parallel recommended route","16-1|16-2|16-3|16-4|16-5|16-6|16-7|16-8","app/data/lessons.json; app/learning.tsx"
"backup-original","original-17","一次意外的发现","not diagnostic-led","authored dialogue/grammar/vocab","8 concrete exercises; original lesson material","quiz key; no dedicated corrective new bank","no dedicated course-level fresh delayed bank","retained backup materials; not a parallel recommended route","17-1|17-2|17-3|17-4|17-5|17-6|17-7|17-8","app/data/lessons.json; app/learning.tsx"
"backup-original","original-18","查清一次误会","not diagnostic-led","authored dialogue/grammar/vocab","8 concrete exercises; original lesson material","quiz key; no dedicated corrective new bank","no dedicated course-level fresh delayed bank","retained backup materials; not a parallel recommended route","18-1|18-2|18-3|18-4|18-5|18-6|18-7|18-8","app/data/lessons.json; app/learning.tsx"
"backup-original","original-19","停电时发生了什么","not diagnostic-led","authored dialogue/grammar/vocab","8 concrete exercises; original lesson material","quiz key; no dedicated corrective new bank","no dedicated course-level fresh delayed bank","retained backup materials; not a parallel recommended route","19-1|19-2|19-3|19-4|19-5|19-6|19-7|19-8","app/data/lessons.json; app/learning.tsx"
"backup-original","original-20","安排一个有意义的假日","not diagnostic-led","authored dialogue/grammar/vocab","8 concrete exercises; original lesson material","quiz key; no dedicated corrective new bank","no dedicated course-level fresh delayed bank","retained backup materials; not a parallel recommended route","20-1|20-2|20-3|20-4|20-5|20-6|20-7|20-8","app/data/lessons.json; app/learning.tsx"
"backup-original","original-21","预测与可靠的承诺","not diagnostic-led","authored dialogue/grammar/vocab","8 concrete exercises; original lesson material","quiz key; no dedicated corrective new bank","no dedicated course-level fresh delayed bank","retained backup materials; not a parallel recommended route","21-1|21-2|21-3|21-4|21-5|21-6|21-7|21-8","app/data/lessons.json; app/learning.tsx"
"backup-original","original-22","为朋友准备晚餐","not diagnostic-led","authored dialogue/grammar/vocab","8 concrete exercises; original lesson material","quiz key; no dedicated corrective new bank","no dedicated course-level fresh delayed bank","retained backup materials; not a parallel recommended route","22-1|22-2|22-3|22-4|22-5|22-6|22-7|22-8","app/data/lessons.json; app/learning.tsx"
"backup-original","original-23","比较两种通勤方式","not diagnostic-led","authored dialogue/grammar/vocab","8 concrete exercises; original lesson material","quiz key; no dedicated corrective new bank","no dedicated course-level fresh delayed bank","retained backup materials; not a parallel recommended route","23-1|23-2|23-3|23-4|23-5|23-6|23-7|23-8","app/data/lessons.json; app/learning.tsx"
"backup-original","original-24","选出最适合的旅程","not diagnostic-led","authored dialogue/grammar/vocab","8 concrete exercises; original lesson material","quiz key; no dedicated corrective new bank","no dedicated course-level fresh delayed bank","retained backup materials; not a parallel recommended route","24-1|24-2|24-3|24-4|24-5|24-6|24-7|24-8","app/data/lessons.json; app/learning.tsx"
"backup-original","original-25","聊聊你做过的事","not diagnostic-led","authored dialogue/grammar/vocab","8 concrete exercises; original lesson material","quiz key; no dedicated corrective new bank","no dedicated course-level fresh delayed bank","retained backup materials; not a parallel recommended route","25-1|25-2|25-3|25-4|25-5|25-6|25-7|25-8","app/data/lessons.json; app/learning.tsx"
"backup-original","original-26","说清一件事持续了多久","not diagnostic-led","authored dialogue/grammar/vocab","8 concrete exercises; original lesson material","quiz key; no dedicated corrective new bank","no dedicated course-level fresh delayed bank","retained backup materials; not a parallel recommended route","26-1|26-2|26-3|26-4|26-5|26-6|26-7|26-8","app/data/lessons.json; app/learning.tsx"
"backup-original","original-27","把经历和具体故事接起来","not diagnostic-led","authored dialogue/grammar/vocab","8 concrete exercises; original lesson material","quiz key; no dedicated corrective new bank","no dedicated course-level fresh delayed bank","retained backup materials; not a parallel recommended route","27-1|27-2|27-3|27-4|27-5|27-6|27-7|27-8","app/data/lessons.json; app/learning.tsx"
"backup-original","original-28","分清必须、不必和禁止","not diagnostic-led","authored dialogue/grammar/vocab","8 concrete exercises; original lesson material","quiz key; no dedicated corrective new bank","no dedicated course-level fresh delayed bank","retained backup materials; not a parallel recommended route","28-1|28-2|28-3|28-4|28-5|28-6|28-7|28-8","app/data/lessons.json; app/learning.tsx"
"backup-original","original-29","把建议说得有用又礼貌","not diagnostic-led","authored dialogue/grammar/vocab","8 concrete exercises; original lesson material","quiz key; no dedicated corrective new bank","no dedicated course-level fresh delayed bank","retained backup materials; not a parallel recommended route","29-1|29-2|29-3|29-4|29-5|29-6|29-7|29-8","app/data/lessons.json; app/learning.tsx"
"backup-original","original-30","表达太多、太少与足够","not diagnostic-led","authored dialogue/grammar/vocab","8 concrete exercises; original lesson material","quiz key; no dedicated corrective new bank","no dedicated course-level fresh delayed bank","retained backup materials; not a parallel recommended route","30-1|30-2|30-3|30-4|30-5|30-6|30-7|30-8","app/data/lessons.json; app/learning.tsx"
"backup-original","original-31","说出目标与行动目的","not diagnostic-led","authored dialogue/grammar/vocab","8 concrete exercises; original lesson material","quiz key; no dedicated corrective new bank","no dedicated course-level fresh delayed bank","retained backup materials; not a parallel recommended route","31-1|31-2|31-3|31-4|31-5|31-6|31-7|31-8","app/data/lessons.json; app/learning.tsx"
"backup-original","original-32","谈爱好，也谈坚持练习","not diagnostic-led","authored dialogue/grammar/vocab","8 concrete exercises; original lesson material","quiz key; no dedicated corrective new bank","no dedicated course-level fresh delayed bank","retained backup materials; not a parallel recommended route","32-1|32-2|32-3|32-4|32-5|32-6|32-7|32-8","app/data/lessons.json; app/learning.tsx"
"backup-original","original-33","把理由、结果和让步串起来","not diagnostic-led","authored dialogue/grammar/vocab","8 concrete exercises; original lesson material","quiz key; no dedicated corrective new bank","no dedicated course-level fresh delayed bank","retained backup materials; not a parallel recommended route","33-1|33-2|33-3|33-4|33-5|33-6|33-7|33-8","app/data/lessons.json; app/learning.tsx"
"backup-original","original-34","谈规律，也谈下一步可能性","not diagnostic-led","authored dialogue/grammar/vocab","8 concrete exercises; original lesson material","quiz key; no dedicated corrective new bank","no dedicated course-level fresh delayed bank","retained backup materials; not a parallel recommended route","34-1|34-2|34-3|34-4|34-5|34-6|34-7|34-8","app/data/lessons.json; app/learning.tsx"
"backup-original","original-35","用从句把人和事说明白","not diagnostic-led","authored dialogue/grammar/vocab","8 concrete exercises; original lesson material","quiz key; no dedicated corrective new bank","no dedicated course-level fresh delayed bank","retained backup materials; not a parallel recommended route","35-1|35-2|35-3|35-4|35-5|35-6|35-7|35-8","app/data/lessons.json; app/learning.tsx"
"backup-original","original-36","解释流程，完成一次综合表达","not diagnostic-led","authored dialogue/grammar/vocab","8 concrete exercises; original lesson material","quiz key; no dedicated corrective new bank","no dedicated course-level fresh delayed bank","retained backup materials; not a parallel recommended route","36-1|36-2|36-3|36-4|36-5|36-6|36-7|36-8","app/data/lessons.json; app/learning.tsx"
"legacy-ielts-task","legacy-listening-0","Booking a community photography course","standalone task, not diagnostic course","task instructions/reference","concrete standalone task","answer-key","no dedicated fresh delayed bank","classic IELTS task tab; preserved compatibility","","app/data/ielts.json; app/ielts.tsx"
"legacy-ielts-task","legacy-reading-0","More than a place to borrow books","standalone task, not diagnostic course","task instructions/reference","concrete standalone task","answer-key","no dedicated fresh delayed bank","classic IELTS task tab; preserved compatibility","","app/data/ielts.json; app/ielts.tsx"
"legacy-ielts-task","legacy-speaking-ielts-s1","Do you work or study? What do you enjoy about it?","standalone task, not diagnostic course","task instructions/reference","concrete standalone task","self-check/external review","no dedicated fresh delayed bank","classic IELTS task tab; preserved compatibility","","app/data/ielts.json; app/ielts.tsx"
"legacy-ielts-task","legacy-speaking-ielts-s2","How do you usually spend your evenings? Has this changed recently?","standalone task, not diagnostic course","task instructions/reference","concrete standalone task","self-check/external review","no dedicated fresh delayed bank","classic IELTS task tab; preserved compatibility","","app/data/ielts.json; app/ielts.tsx"
"legacy-ielts-task","legacy-speaking-ielts-s3","Describe a skill you would like to improve. Say what it is, why it matters to you, how you plan to practise it, and explain what progress would look like for you.","standalone task, not diagnostic course","task instructions/reference","concrete standalone task","self-check/external review","no dedicated fresh delayed bank","classic IELTS task tab; preserved compatibility","","app/data/ielts.json; app/ielts.tsx"
"legacy-ielts-task","legacy-speaking-ielts-s4","Describe a public place that you enjoy visiting. Say where it is, what you do there, who you usually go with, and explain why it is important to you.","standalone task, not diagnostic course","task instructions/reference","concrete standalone task","self-check/external review","no dedicated fresh delayed bank","classic IELTS task tab; preserved compatibility","","app/data/ielts.json; app/ielts.tsx"
"legacy-ielts-task","legacy-speaking-ielts-s5","What are the advantages and disadvantages of learning a new skill online rather than in a classroom?","standalone task, not diagnostic course","task instructions/reference","concrete standalone task","self-check/external review","no dedicated fresh delayed bank","classic IELTS task tab; preserved compatibility","","app/data/ielts.json; app/ielts.tsx"
"legacy-ielts-task","legacy-speaking-ielts-s6","How should a city decide which public facilities deserve more funding?","standalone task, not diagnostic course","task instructions/reference","concrete standalone task","self-check/external review","no dedicated fresh delayed bank","classic IELTS task tab; preserved compatibility","","app/data/ielts.json; app/ielts.tsx"
"legacy-ielts-task","legacy-writing-ielts-w1","Academic Task 1 · 公共设施使用数据","standalone task, not diagnostic course","task instructions/reference","concrete standalone task","self-check/external review","no dedicated fresh delayed bank","classic IELTS task tab; preserved compatibility","","app/data/ielts.json; app/ielts.tsx"
"legacy-ielts-task","legacy-writing-ielts-w2","General Training Task 1 · 调整课程安排","standalone task, not diagnostic course","task instructions/reference","concrete standalone task","self-check/external review","no dedicated fresh delayed bank","classic IELTS task tab; preserved compatibility","","app/data/ielts.json; app/ielts.tsx"
"legacy-ielts-task","legacy-writing-ielts-w3","Task 2 · 公共图书馆仍然重要吗？","standalone task, not diagnostic course","task instructions/reference","concrete standalone task","self-check/external review","no dedicated fresh delayed bank","classic IELTS task tab; preserved compatibility","","app/data/ielts.json; app/ielts.tsx"
"starter","first","先听懂一句话","teaching first","authored beginner lines","real starter questions","key/repair UI","starter-v2 additional source; letters rotate pairs","first 3 map nodes","","map/curriculum.ts; map/model.ts; docs/map-reliability-handoff.md"
"starter","letters","认识字母与单词","teaching first","authored beginner lines","real starter questions","key/repair UI","starter-v2 additional source; letters rotate pairs","first 3 map nodes","","map/curriculum.ts; map/model.ts; docs/map-reliability-handoff.md"
"starter","small-exchange","完成第一次小问答","teaching first","authored beginner lines","real starter questions","key/repair UI","starter-v2 additional source; letters rotate pairs","first 3 map nodes","","map/curriculum.ts; map/model.ts; docs/map-reliability-handoff.md"
"chapter-checkpoint","chapter-1","第1章作品","not applicable","project prompt only","own text/recording; not a scored fresh test","real external-review record/criteria; not independently verified","member-unit delayed criterion, no separate project fresh bank","after 12 map groups; reviewed project gates next chapter","","map/curriculum.ts; map/course.tsx; map/model.ts"
"chapter-checkpoint","chapter-2","第2章作品","not applicable","project prompt only","own text/recording; not a scored fresh test","real external-review record/criteria; not independently verified","member-unit delayed criterion, no separate project fresh bank","after 12 map groups; reviewed project gates next chapter","","map/curriculum.ts; map/course.tsx; map/model.ts"
"chapter-checkpoint","chapter-3","第3章作品","not applicable","project prompt only","own text/recording; not a scored fresh test","real external-review record/criteria; not independently verified","member-unit delayed criterion, no separate project fresh bank","after 12 map groups; reviewed project gates next chapter","","map/curriculum.ts; map/course.tsx; map/model.ts"
"chapter-checkpoint","chapter-4","第4章作品","not applicable","project prompt only","own text/recording; not a scored fresh test","real external-review record/criteria; not independently verified","member-unit delayed criterion, no separate project fresh bank","after 12 map groups; reviewed project gates next chapter","","map/curriculum.ts; map/course.tsx; map/model.ts"
"chapter-checkpoint","chapter-5","第5章作品","not applicable","project prompt only","own text/recording; not a scored fresh test","real external-review record/criteria; not independently verified","member-unit delayed criterion, no separate project fresh bank","after 12 map groups; reviewed project gates next chapter","","map/curriculum.ts; map/course.tsx; map/model.ts"
"chapter-checkpoint","chapter-6","第6章作品","not applicable","project prompt only","own text/recording; not a scored fresh test","real external-review record/criteria; not independently verified","member-unit delayed criterion, no separate project fresh bank","after 12 map groups; reviewed project gates next chapter","","map/curriculum.ts; map/course.tsx; map/model.ts"
"chapter-checkpoint","chapter-7","第7章作品","not applicable","project prompt only","own text/recording; not a scored fresh test","real external-review record/criteria; not independently verified","member-unit delayed criterion, no separate project fresh bank","after 12 map groups; reviewed project gates next chapter","","map/curriculum.ts; map/course.tsx; map/model.ts"
"chapter-checkpoint","chapter-8","第8章作品","not applicable","project prompt only","own text/recording; not a scored fresh test","real external-review record/criteria; not independently verified","member-unit delayed criterion, no separate project fresh bank","after 12 map groups; reviewed project gates next chapter","","map/curriculum.ts; map/course.tsx; map/model.ts"
"chapter-checkpoint","chapter-9","第9章作品","not applicable","project prompt only","own text/recording; not a scored fresh test","real external-review record/criteria; not independently verified","member-unit delayed criterion, no separate project fresh bank","after 12 map groups; reviewed project gates next chapter","","map/curriculum.ts; map/course.tsx; map/model.ts"
"chapter-checkpoint","chapter-10","第10章作品","not applicable","project prompt only","own text/recording; not a scored fresh test","real external-review record/criteria; not independently verified","member-unit delayed criterion, no separate project fresh bank","after 12 map groups; reviewed project gates next chapter","","map/curriculum.ts; map/course.tsx; map/model.ts"
"chapter-checkpoint","chapter-11","第11章作品","not applicable","project prompt only","own text/recording; not a scored fresh test","real external-review record/criteria; not independently verified","member-unit delayed criterion, no separate project fresh bank","after 12 map groups; reviewed project gates next chapter","","map/curriculum.ts; map/course.tsx; map/model.ts"
"chapter-checkpoint","chapter-12","第12章作品","not applicable","project prompt only","own text/recording; not a scored fresh test","real external-review record/criteria; not independently verified","member-unit delayed criterion, no separate project fresh bank","after 12 map groups; reviewed project gates next chapter","","map/curriculum.ts; map/course.tsx; map/model.ts"
"chapter-checkpoint","chapter-13","第13章作品","not applicable","project prompt only","own text/recording; not a scored fresh test","real external-review record/criteria; not independently verified","member-unit delayed criterion, no separate project fresh bank","after 12 map groups; reviewed project gates next chapter","","map/curriculum.ts; map/course.tsx; map/model.ts"
"chapter-checkpoint","chapter-14","第14章作品","not applicable","project prompt only","own text/recording; not a scored fresh test","real external-review record/criteria; not independently verified","member-unit delayed criterion, no separate project fresh bank","after 12 map groups; reviewed project gates next chapter","","map/curriculum.ts; map/course.tsx; map/model.ts"
"map-external-task","listening-locate","先抓信息，再处理干扰","instruction/evidence task; not lesson diagnostic","method text with resource/course links","external material required; not an authored in-app bank","actual evidence/reviewer form; claims entered by learner","no authored fresh bank for this node","after chapter-14, one of four IELTS branches","","app/ielts-blueprint.ts; map/content.ts; map/model.ts"
"map-external-task","listening-types","补齐没有接触过的题型","instruction/evidence task; not lesson diagnostic","method text with resource/course links","external material required; not an authored in-app bank","actual evidence/reviewer form; claims entered by learner","no authored fresh bank for this node","after chapter-14, one of four IELTS branches","","app/ielts-blueprint.ts; map/content.ts; map/model.ts"
"map-external-task","listening-full","迁移到完整听力","instruction/evidence task; not lesson diagnostic","method text with resource/course links","external material required; not an authored in-app bank","actual evidence/reviewer form; claims entered by learner","no authored fresh bank for this node","after chapter-14, one of four IELTS branches","","app/ielts-blueprint.ts; map/content.ts; map/model.ts"
"map-external-task","reading-evidence","定位、拆句、识别同义改写","instruction/evidence task; not lesson diagnostic","method text with resource/course links","external material required; not an authored in-app bank","actual evidence/reviewer form; claims entered by learner","no authored fresh bank for this node","after chapter-14, one of four IELTS branches","","app/ielts-blueprint.ts; map/content.ts; map/model.ts"
"map-external-task","reading-types","掌握判断、匹配和填空","instruction/evidence task; not lesson diagnostic","method text with resource/course links","external material required; not an authored in-app bank","actual evidence/reviewer form; claims entered by learner","no authored fresh bank for this node","after chapter-14, one of four IELTS branches","","app/ielts-blueprint.ts; map/content.ts; map/model.ts"
"map-external-task","reading-full","完成完整 Academic 阅读","instruction/evidence task; not lesson diagnostic","method text with resource/course links","external material required; not an authored in-app bank","actual evidence/reviewer form; claims entered by learner","no authored fresh bank for this node","after chapter-14, one of four IELTS branches","","app/ielts-blueprint.ts; map/content.ts; map/model.ts"
"map-external-task","writing-task-two","Task 2：把观点论证清楚","instruction/evidence task; not lesson diagnostic","method text with resource/course links","external material required; not an authored in-app bank","actual evidence/reviewer form; claims entered by learner","no authored fresh bank for this node","after chapter-14, one of four IELTS branches","","app/ielts-blueprint.ts; map/content.ts; map/model.ts"
"map-external-task","writing-task-one","Task 1：选重点、做概括","instruction/evidence task; not lesson diagnostic","method text with resource/course links","external material required; not an authored in-app bank","actual evidence/reviewer form; claims entered by learner","no authored fresh bank for this node","after chapter-14, one of four IELTS branches","","app/ielts-blueprint.ts; map/content.ts; map/model.ts"
"map-external-task","writing-feedback","两篇限时，反馈后换题","instruction/evidence task; not lesson diagnostic","method text with resource/course links","external material required; not an authored in-app bank","actual evidence/reviewer form; claims entered by learner","no authored fresh bank for this node","after chapter-14, one of four IELTS branches","","app/ielts-blueprint.ts; map/content.ts; map/model.ts"
"map-external-task","speaking-part-one","Part 1：回答、原因、细节","instruction/evidence task; not lesson diagnostic","method text with resource/course links","external material required; not an authored in-app bank","actual evidence/reviewer form; claims entered by learner","no authored fresh bank for this node","after chapter-14, one of four IELTS branches","","app/ielts-blueprint.ts; map/content.ts; map/model.ts"
"map-external-task","speaking-part-two","Part 2：独立组织长答","instruction/evidence task; not lesson diagnostic","method text with resource/course links","external material required; not an authored in-app bank","actual evidence/reviewer form; claims entered by learner","no authored fresh bank for this node","after chapter-14, one of four IELTS branches","","app/ielts-blueprint.ts; map/content.ts; map/model.ts"
"map-external-task","speaking-part-three","Part 3：讨论与完整评阅","instruction/evidence task; not lesson diagnostic","method text with resource/course links","external material required; not an authored in-app bank","actual evidence/reviewer form; claims entered by learner","no authored fresh bank for this node","after chapter-14, one of four IELTS branches","","app/ielts-blueprint.ts; map/content.ts; map/model.ts"
"legacy-route-node","journey:first","这是我的包","teaching first","authored small worked example","3 concrete finite checks","answer/why + correction route","legacy journey model; not this lesson loop","retained classic route/deep link; not recommended as second route","","app/ielts-journey-content.ts; app/ielts-journey.ts"
"legacy-route-node","journey:question","问一句，答一句","teaching first","authored small worked example","3 concrete finite checks","answer/why + correction route","legacy journey model; not this lesson loop","retained classic route/deep link; not recommended as second route","","app/ielts-journey-content.ts; app/ielts-journey.ts"
"legacy-route-node","journey:myself","用一句话介绍自己","teaching first","authored small worked example","3 concrete finite checks","answer/why + correction route","legacy journey model; not this lesson loop","retained classic route/deep link; not recommended as second route","","app/ielts-journey-content.ts; app/ielts-journey.ts"
"legacy-route-node","journey:whose","分清“我的”和“你的”","teaching first","authored small worked example","3 concrete finite checks","answer/why + correction route","legacy journey model; not this lesson loop","retained classic route/deep link; not recommended as second route","","app/ielts-journey-content.ts; app/ielts-journey.ts"
"legacy-route-node","journey:more-than-one","从一个物品到两个","teaching first","authored small worked example","3 concrete finite checks","answer/why + correction route","legacy journey model; not this lesson loop","retained classic route/deep link; not recommended as second route","","app/ielts-journey-content.ts; app/ielts-journey.ts"
"legacy-route-node","journey:where","给物品加一个位置","teaching first","authored small worked example","3 concrete finite checks","answer/why + correction route","legacy journey model; not this lesson loop","retained classic route/deep link; not recommended as second route","","app/ielts-journey-content.ts; app/ielts-journey.ts"
"legacy-route-node","journey:daily","说说每天做什么","teaching first","authored small worked example","3 concrete finite checks","answer/why + correction route","legacy journey model; not this lesson loop","retained classic route/deep link; not recommended as second route","","app/ielts-journey-content.ts; app/ielts-journey.ts"
"legacy-route-node","journey:daily-question","问问别人的日常","teaching first","authored small worked example","3 concrete finite checks","answer/why + correction route","legacy journey model; not this lesson loop","retained classic route/deep link; not recommended as second route","","app/ielts-journey-content.ts; app/ielts-journey.ts"
"legacy-route-node","journey:not","说清“不是”和“不做”","teaching first","authored small worked example","3 concrete finite checks","answer/why + correction route","legacy journey model; not this lesson loop","retained classic route/deep link; not recommended as second route","","app/ielts-journey-content.ts; app/ielts-journey.ts"
"legacy-route-node","journey:can","说说自己会做什么","teaching first","authored small worked example","3 concrete finite checks","answer/why + correction route","legacy journey model; not this lesson loop","retained classic route/deep link; not recommended as second route","","app/ielts-journey-content.ts; app/ielts-journey.ts"
"legacy-route-node","journey:now","说说此刻正在做什么","teaching first","authored small worked example","3 concrete finite checks","answer/why + correction route","legacy journey model; not this lesson loop","retained classic route/deep link; not recommended as second route","","app/ielts-journey-content.ts; app/ielts-journey.ts"
"legacy-route-node","journey:yesterday","讲一件昨天的小事","teaching first","authored small worked example","3 concrete finite checks","answer/why + correction route","legacy journey model; not this lesson loop","retained classic route/deep link; not recommended as second route","","app/ielts-journey-content.ts; app/ielts-journey.ts"
"legacy-route-node","journey:tomorrow","说说明天的计划","teaching first","authored small worked example","3 concrete finite checks","answer/why + correction route","legacy journey model; not this lesson loop","retained classic route/deep link; not recommended as second route","","app/ielts-journey-content.ts; app/ielts-journey.ts"
"legacy-route-node","journey:experience","区分经历和昨天的事","teaching first","authored small worked example","3 concrete finite checks","answer/why + correction route","legacy journey model; not this lesson loop","retained classic route/deep link; not recommended as second route","","app/ielts-journey-content.ts; app/ielts-journey.ts"
"legacy-route-node","journey:compare","比较两样东西","teaching first","authored small worked example","3 concrete finite checks","answer/why + correction route","legacy journey model; not this lesson loop","retained classic route/deep link; not recommended as second route","","app/ielts-journey-content.ts; app/ielts-journey.ts"
"legacy-route-node","journey:reason","给一句话补一个原因","teaching first","authored small worked example","3 concrete finite checks","answer/why + correction route","legacy journey model; not this lesson loop","retained classic route/deep link; not recommended as second route","","app/ielts-journey-content.ts; app/ielts-journey.ts"
"legacy-route-node","journey:sequence","把一件事按顺序讲清楚","teaching first","authored small worked example","3 concrete finite checks","answer/why + correction route","legacy journey model; not this lesson loop","retained classic route/deep link; not recommended as second route","","app/ielts-journey-content.ts; app/ielts-journey.ts"
"legacy-route-node","journey:contrast","补一个不同的情况","teaching first","authored small worked example","3 concrete finite checks","answer/why + correction route","legacy journey model; not this lesson loop","retained classic route/deep link; not recommended as second route","","app/ielts-journey-content.ts; app/ielts-journey.ts"
"legacy-route-node","journey:long-sentence","长句里先找到主干","teaching first","authored small worked example","3 concrete finite checks","answer/why + correction route","legacy journey model; not this lesson loop","retained classic route/deep link; not recommended as second route","","app/ielts-journey-content.ts; app/ielts-journey.ts"
"legacy-route-node","journey:paragraph","用证据理解一小段","teaching first","authored small worked example","3 concrete finite checks","answer/why + correction route","legacy journey model; not this lesson loop","retained classic route/deep link; not recommended as second route","","app/ielts-journey-content.ts; app/ielts-journey.ts"
"legacy-route-node","journey:hear-correction","听到改口，更新答案","teaching first","authored small worked example","3 concrete finite checks","answer/why + correction route","legacy journey model; not this lesson loop","retained classic route/deep link; not recommended as second route","","app/ielts-journey-content.ts; app/ielts-journey.ts"
"legacy-route-node","journey:read-evidence","分清“没说”和“说错了”","teaching first","authored small worked example","3 concrete finite checks","answer/why + correction route","legacy journey model; not this lesson loop","retained classic route/deep link; not recommended as second route","","app/ielts-journey-content.ts; app/ielts-journey.ts"
"legacy-route-node","journey:write-reason","让一个观点站得住","teaching first","authored small worked example","3 concrete finite checks","answer/why + correction route","legacy journey model; not this lesson loop","retained classic route/deep link; not recommended as second route","","app/ielts-journey-content.ts; app/ielts-journey.ts"
"legacy-route-node","journey:write-overview","先找图表的主要变化","teaching first","authored small worked example","3 concrete finite checks","answer/why + correction route","legacy journey model; not this lesson loop","retained classic route/deep link; not recommended as second route","","app/ielts-journey-content.ts; app/ielts-journey.ts"
"legacy-route-node","journey:speak-detail","先回答，再补一个细节","teaching first","authored small worked example","3 concrete finite checks","answer/why + correction route","legacy journey model; not this lesson loop","retained classic route/deep link; not recommended as second route","","app/ielts-journey-content.ts; app/ielts-journey.ts"
"legacy-route-node","journey:listening-locate","先抓信息，再处理干扰","teaching first","method/evidence instructions","external assignment/evidence","evidence and review form","legacy journey model; not this lesson loop","retained classic route/deep link; not recommended as second route","","app/ielts-journey-content.ts; app/ielts-journey.ts"
"legacy-route-node","journey:listening-types","补齐没有接触过的题型","teaching first","method/evidence instructions","external assignment/evidence","evidence and review form","legacy journey model; not this lesson loop","retained classic route/deep link; not recommended as second route","","app/ielts-journey-content.ts; app/ielts-journey.ts"
"legacy-route-node","journey:listening-full","迁移到完整听力","teaching first","method/evidence instructions","external assignment/evidence","evidence and review form","legacy journey model; not this lesson loop","retained classic route/deep link; not recommended as second route","","app/ielts-journey-content.ts; app/ielts-journey.ts"
"legacy-route-node","journey:reading-evidence","定位、拆句、识别同义改写","teaching first","method/evidence instructions","external assignment/evidence","evidence and review form","legacy journey model; not this lesson loop","retained classic route/deep link; not recommended as second route","","app/ielts-journey-content.ts; app/ielts-journey.ts"
"legacy-route-node","journey:reading-types","掌握判断、匹配和填空","teaching first","method/evidence instructions","external assignment/evidence","evidence and review form","legacy journey model; not this lesson loop","retained classic route/deep link; not recommended as second route","","app/ielts-journey-content.ts; app/ielts-journey.ts"
"legacy-route-node","journey:reading-full","完成完整 Academic 阅读","teaching first","method/evidence instructions","external assignment/evidence","evidence and review form","legacy journey model; not this lesson loop","retained classic route/deep link; not recommended as second route","","app/ielts-journey-content.ts; app/ielts-journey.ts"
"legacy-route-node","journey:writing-task-two","Task 2：把观点论证清楚","teaching first","method/evidence instructions","external assignment/evidence","evidence and review form","legacy journey model; not this lesson loop","retained classic route/deep link; not recommended as second route","","app/ielts-journey-content.ts; app/ielts-journey.ts"
"legacy-route-node","journey:writing-task-one","Task 1：选重点、做概括","teaching first","method/evidence instructions","external assignment/evidence","evidence and review form","legacy journey model; not this lesson loop","retained classic route/deep link; not recommended as second route","","app/ielts-journey-content.ts; app/ielts-journey.ts"
"legacy-route-node","journey:writing-feedback","两篇限时，反馈后换题","teaching first","method/evidence instructions","external assignment/evidence","evidence and review form","legacy journey model; not this lesson loop","retained classic route/deep link; not recommended as second route","","app/ielts-journey-content.ts; app/ielts-journey.ts"
"legacy-route-node","journey:speaking-part-one","Part 1：回答、原因、细节","teaching first","method/evidence instructions","external assignment/evidence","evidence and review form","legacy journey model; not this lesson loop","retained classic route/deep link; not recommended as second route","","app/ielts-journey-content.ts; app/ielts-journey.ts"
"legacy-route-node","journey:speaking-part-two","Part 2：独立组织长答","teaching first","method/evidence instructions","external assignment/evidence","evidence and review form","legacy journey model; not this lesson loop","retained classic route/deep link; not recommended as second route","","app/ielts-journey-content.ts; app/ielts-journey.ts"
"legacy-route-node","journey:speaking-part-three","Part 3：讨论与完整评阅","teaching first","method/evidence instructions","external assignment/evidence","evidence and review form","legacy journey model; not this lesson loop","retained classic route/deep link; not recommended as second route","","app/ielts-journey-content.ts; app/ielts-journey.ts"
"map-final-evidence","mock-one","mock-one","not course","instructions","external full tests or official result required","score/reviewer evidence; not in-app exam content","two distinct external tests; no in-app fresh mock bank","map final evidence nodes","","map/content.ts; map/model.ts"
"map-final-evidence","mock-two","mock-two","not course","instructions","external full tests or official result required","score/reviewer evidence; not in-app exam content","two distinct external tests; no in-app fresh mock bank","map final evidence nodes","","map/content.ts; map/model.ts"
"map-final-evidence","finish","finish","not course","instructions","external full tests or official result required","score/reviewer evidence; not in-app exam content","two distinct external tests; no in-app fresh mock bank","map final evidence nodes","","map/content.ts; map/model.ts"
"accepted-demo","yesterday-past","昨天的经历","authored diagnostic","targeted rules","2 original independent + corrective followups","originals/help/exposure + corrective fresh task","2x3 fresh tasks + live adapter; old evidence not natural retention","separate demo + Today; not mapped as a particular NCE lesson","","public/demos/yesterday; docs/yesterday-demo-handoff.md"
