word,sources
"alibi","NCE2-87"
"alternative","NCE3-51"
"any","NCE1-42"
"aphid","NCE3-54"
"apple","NCE1-48"
"asleep","NCE1-116"
"aspirin","NCE1-62"
"Athens","NCE1-94"
"attendant","NCE1-87"
"Australia","NCE1-54"
"Australian","NCE1-54"
"Austria","NCE1-54"
"Austrian","NCE1-54"
"baker","NCE1-68"
"banana","NCE1-48"
"basket","NCE1-32"
"bean","NCE1-50"
"bed","NCE1-24"
"beer","NCE1-48"
"Berlin","NCE1-94"
"big","NCE1-20 | NCE1-22"
"bird","NCE1-42"
"biscuit","NCE1-46"
"black","NCE1-16"
"blackboard","NCE1-48"
"blandishment","NCE4-41"
"blessing","NCE2-58"
"blouse","NCE1-12"
"blunt","NCE1-22"
"Bombay","NCE1-94"
"bone","NCE1-32"
"bottle","NCE1-22"
"box","NCE1-22"
"boy","NCE1-19"
"Brazil","NCE1-52"
"break","NCE1-64"
"breakfast","NCE1-82"
"brother","NCE1-12"
"butter","NCE1-48"
"cabbage","NCE1-50"
"cake","NCE1-46"
"Canada","NCE1-54"
"Canadian","NCE1-54"
"carpet","NCE1-14"
"carry","NCE1-106"
"case","NCE1-14"
"cheap","NCE1-104"
"chemist","NCE1-80"
"China","NCE1-54"
"choice","NCE1-48"
"cigarette","NCE1-24"
"clever","NCE1-104"
"cliché","NCE4-5"
"conscience","NCE2-45"
"cook","NCE1-32"
"correct","NCE1-106"
"cry","NCE1-34"
"cupboard","NCE1-24"
"dairy","NCE1-68"
"darkness","NCE2-33"
"Denmark","NCE1-70"
"dentist","NCE1-62"
"deserve","NCE2-11"
"desk","NCE1-24"
"disguise","NCE2-58"
"dish","NCE1-38"
"dog","NCE1-14"
"dressing table","NCE1-24"
"drink","NCE1-32"
"drive","NCE1-64"
"dust devil","NCE4-14"
"Dutch","NCE1-16"
"earache","NCE1-62"
"eat","NCE1-32"
"egg","NCE1-48"
"empty","NCE1-22 | NCE1-30"
"England","NCE1-52"
"exercise book","NCE1-120"
"expensive","NCE1-104"
"fantasy","NCE2-95"
"father","NCE1-12"
"fiancé","NCE3-7"
"Finland","NCE1-54"
"Finnish","NCE1-54"
"floor","NCE1-24"
"flu","NCE1-62"
"fool","NCE2-76"
"fork","NCE1-22"
"France","NCE1-52"
"fruit","NCE1-80"
"full","NCE1-22"
"Geneva","NCE1-94"
"Germany","NCE1-52"
"get on","NCE1-141"
"girl","NCE1-15"
"glass","NCE1-22"
"grandfather","NCE1-20"
"grandmother","NCE1-20"
"grape","NCE1-50"
"greet","NCE1-74"
"grocer","NCE1-68"
"haircut","NCE1-82"
"headache","NCE1-62"
"heavy","NCE1-20"
"her","NCE1-12"
"herself","NCE1-66"
"high","NCE1-104"
"himself","NCE1-66"
"his","NCE1-12"
"holiday","NCE1-82"
"Holland","NCE1-52"
"homework","NCE1-38"
"honey","NCE1-48"
"hundred","NCE1-143"
"India","NCE1-54"
"indulge","NCE3-40"
"Italy","NCE1-52"
"jam","NCE1-48"
"Japan","NCE1-54"
"jump","NCE1-34"
"kitten","NCE1-124"
"knife","NCE1-22"
"Korea","NCE1-54"
"large","NCE1-22"
"lean out of","NCE1-64"
"least","NCE1-110"
"letter","NCE1-32"
"lettuce","NCE1-50"
"library","NCE1-64"
"licence","NCE1-100"
"lifeboat","NCE3-10"
"limelight","NCE2-74"
"litter basket","NCE1-143"
"little","NCE1-22"
"long","NCE1-20"
"loud","NCE1-104"
"luck","NCE2-12"
"magazine","NCE1-24"
"maître d'hôtel","NCE4-47"
"meal","NCE1-32"
"measles","NCE1-62"
"megacycle","NCE4-43"
"mete out","NCE3-35"
"middle-aged","NCE1-141"
"milk","NCE1-32"
"mine","NCE2-55"
"Moscow","NCE1-94"
"mother","NCE1-12"
"murder","NCE2-69"
"myself","NCE1-66"
"newsagent","NCE1-80"
"newspaper","NCE1-24"
"Nigeria","NCE1-54"
"Nigerian","NCE1-54"
"noble","NCE2-93"
"noise","NCE1-64"
"Norway","NCE1-52"
"off","NCE1-36"
"oil rig","NCE2-90"
"old","NCE1-10"
"orange","NCE1-16 | NCE1-48"
"over-industrialized","NCE3-47"
"packing case","NCE2-66"
"party","NCE1-82"
"passer-by","NCE3-27"
"pea","NCE1-50"
"peach","NCE1-50"
"pear","NCE1-50"
"persistent","NCE2-68"
"Poland","NCE1-54"
"Polish","NCE1-54"
"polo","NCE2-30"
"pop singer","NCE2-13"
"potato","NCE1-50"
"pound","NCE1-89"
"pure","NCE1-48"
"put on","NCE1-30"
"quickly","NCE1-64"
"record-holder","NCE2-73"
"red","NCE1-16"
"regularly","NCE1-142"
"ride","NCE2-50"
"ripe","NCE1-48"
"road","NCE1-122"
"Rome","NCE1-94"
"Russia","NCE1-52"
"Russian","NCE1-16"
"Scotch whisky","NCE1-48"
"seismometer","NCE4-42"
"self-improvement","NCE3-50"
"Seoul","NCE1-94"
"sharpen","NCE1-30"
"shave","NCE1-34"
"shoe","NCE1-20"
"shop assistant","NCE1-59"
"short","NCE1-10"
"show","NCE1-40"
"sister","NCE1-12"
"sleep","NCE1-34"
"sleeping bag","NCE2-27"
"small","NCE1-20 | NCE1-22"
"so","NCE1-64"
"social climber","NCE4-5"
"soft","NCE1-104"
"some","NCE1-42"
"sound","NCE2-56"
"sour","NCE1-104"
"Spain","NCE1-52"
"spare part","NCE2-5"
"spoon","NCE1-22"
"St. Bernard","NCE3-8"
"St. Petersburg","NCE4-26"
"stale","NCE1-104"
"stationer","NCE1-70"
"stationery","NCE1-80"
"stereo","NCE1-24"
"stomach ache","NCE1-62"
"strong-minded","NCE3-59"
"stupid","NCE1-104"
"Sweden","NCE1-52"
"sweet","NCE1-48 | NCE1-104"
"Sydney","NCE1-94"
"table","NCE1-24"
"take","NCE1-40"
"take off","NCE1-30"
"talk","NCE1-64"
"tall","NCE1-10"
"taxi driver","NCE1-8"
"television","NCE1-24"
"temperature","NCE1-62"
"Thailand","NCE1-54"
"the U.S.","NCE1-52"
"themselves","NCE1-66"
"thin","NCE1-10"
"thirstily","NCE1-74"
"tin","NCE1-22"
"tomato","NCE1-50"
"tooth","NCE1-32"
"toothache","NCE1-62"
"Turkey","NCE1-54"
"Turkish","NCE1-54"
"turn off","NCE1-30"
"turn on","NCE1-30"
"type","NCE1-32"
"versus","NCE2-65"
"virtue","NCE2-51"
"wait","NCE1-34"
"wash","NCE1-34"
"wasp","NCE3-54"
"waterski","NCE2-86"
"where","NCE1-26"
"wine","NCE1-48"
"withdrawn","NCE3-19"
"woman","NCE1-10"
"worried","NCE1-142"
"worse","NCE1-110"
"yellow","NCE1-16"
"young","NCE1-10"
